<?xml version="1.0" encoding="UTF-8"?>
<project-private xmlns="http://www.netbeans.org/ns/project-private/1">
    <editor-bookmarks xmlns="http://www.netbeans.org/ns/editor-bookmarks/2" lastBookmarkId="0"/>
    <open-files xmlns="http://www.netbeans.org/ns/projectui-open-files/2">
        <group>
            <file>file:/C:/Users/ACER/Downloads/KiwariLogin/kiwariLogin/src/Kiwari/loginKiwari.java</file>
            <file>file:/C:/Users/ACER/Downloads/KiwariLogin/kiwariLogin/src/koneksi/koneksi1.java</file>
            <file>file:/C:/Users/ACER/Downloads/KiwariLogin/kiwariLogin/src/Kiwari/reg.java</file>
            <file>file:/C:/Users/ACER/Downloads/KiwariLogin/kiwariLogin/src/Kiwari/KiwariLogin.java</file>
            <file>file:/C:/Users/ACER/Downloads/KiwariLogin/kiwariLogin/src/Kiwari/Timeline.java</file>
            <file>file:/C:/Users/ACER/Downloads/KiwariLogin/kiwariLogin/src/Kiwari/View.java</file>
        </group>
    </open-files>
</project-private>
